{"name": "mean radius", "dtype": "numerical", "special_codes": null, "splits": [11.425000190734863, 12.329999923706055, 13.09499979019165, 13.704999923706055, 15.045000076293945, 16.925000190734863], "n_nonevent": [3, 3, 7, 10, 28, 44, 117, 0, 0], "n_event": [115, 76, 61, 39, 55, 10, 1, 0, 0], "min_x": 6.981, "max_x": 28.11, "categories": [], "cat_others": [], "user_splits": null}